<?xml version="1.0" encoding="UTF-8"?>
<addon id="plugin.video.torrest" name="Torrest" provider-name="i96751414" version="0.0.16">
    <requires>
        <!--<import addon="xbmc.python" version="3.0.0"/>-->
        <import addon="script.module.requests" version="2.22.0"/>
        <import addon="script.module.routing" version="0.2.3"/>
    </requires>
    <extension point="xbmc.python.pluginsource" library="navigation.py">
        <provides>video</provides>
    </extension>
    <extension point="xbmc.service" library="service.py"/>
    <extension point="xbmc.addon.metadata">
        <platform>linux</platform>
        <license>See https://github.com/i96751414/plugin.video.torrest/blob/master/LICENSE</license>
        <source>https://github.com/i96751414/plugin.video.torrest</source>
        <summary lang="en">Torrest on Kodi</summary>
        <description lang="en">Torrest is a service with a rest API which allows torrent streaming.</description>
        <news>
- Update for torrest 0.0.4 (https://github.com/i96751414/torrest-cpp/releases/tag/v0.0.4)
- Allow forcing torrest binary
- Allow custom user-agent definitions
        </news>
        <assets>
            <icon>icon.png</icon>
            <screenshot>resources/screenshots/screenshot-1.jpg</screenshot>
            <screenshot>resources/screenshots/screenshot-2.jpg</screenshot>
            <screenshot>resources/screenshots/screenshot-3.jpg</screenshot>
            <screenshot>resources/screenshots/screenshot-4.jpg</screenshot>
        </assets>
        <reuselanguageinvoker>true</reuselanguageinvoker>
    </extension>
</addon>