<addon id="script.module.bencode" name="Bencode" version="4.0.4" provider-name="Ponchofcult">
    <requires>
        <!-- <import addon="xbmc.python" version="3.0.0"/> -->
    </requires>
    <extension point="xbmc.python.module" library="lib"/>
    <extension point="xbmc.addon.metadata">
        <summary lang="en">Simple bencode parser (for Python 2, Python 3 and PyPy), forked from the bencode packages by Thomas Rampelberg and Dean Gardiner.</summary>
        <description lang="en">Simple bencode parser (for Python 2, Python 3 and PyPy). Bencode is a method of serializing data used by BitTorrent and other protocols.</description>
        <platform>all</platform>
        <license>MIT</license>
        <source>https://github.com/ponchofcult/Turning-Japanese</source>
		<assets>
		    <icon>icon.png</icon>
        </assets>
    </extension>
</addon>